,library,n_states,covariance_type,converged,n_iter,training_time,transition_matrix,start_probabilities,log_likelihood,aic,bic,n_parameters
hmmlearn_2_full,hmmlearn,2,full,True,21,0.07789945602416992,"[[0.99840277 0.00159723]
 [0.0029767  0.9970233 ]]",[1.89091787e-30 1.00000000e+00],-1727.0133199011857,3496.0266398023714,3579.847395291639,21
hmmlearn_3_full,hmmlearn,3,full,True,94,0.5443992614746094,"[[9.90184935e-01 9.81506546e-03 3.84610850e-19]
 [2.73659956e-03 9.96062012e-01 1.20138855e-03]
 [3.16034504e-03 3.18202369e-15 9.96839655e-01]]",[1.00000000e+000 1.92865685e-031 2.35953613e-213],-1673.1092603455252,3416.2185206910503,3555.9197798398295,35
hmmlearn_4_full,hmmlearn,4,full,True,100,0.5057008266448975,"[[6.25059718e-01 1.48798461e-01 3.70731395e-06 2.26138114e-01]
 [1.92040262e-01 6.16720534e-01 4.34214330e-42 1.91239204e-01]
 [1.43753688e-03 1.83892820e-52 9.94712555e-01 3.84990790e-03]
 [2.36758237e-01 1.33866704e-01 1.00486469e-02 6.19326411e-01]]",[0.000000e+000 0.000000e+000 1.000000e+000 1.460818e-305],-1718.0957899452592,3538.1915798905184,3741.7562717930255,51
hmmlearn_3_diag,hmmlearn,3,diag,True,38,0.17970895767211914,"[[7.86126925e-03 9.92138527e-01 2.03496216e-07]
 [9.48117380e-01 4.66997339e-02 5.18288593e-03]
 [1.07257414e-03 1.30837420e-02 9.85843684e-01]]",[1.03587636e-002 9.89641236e-001 6.46654812e-135],-1692.620495351684,3437.240990703368,3541.0190689281753,26
hmmlearn_3_spherical,hmmlearn,3,spherical,True,76,0.10341119766235352,"[[9.76551958e-01 9.23371135e-03 1.42143306e-02]
 [4.02120170e-03 9.95978798e-01 5.15550124e-11]
 [2.43492742e-02 7.90414232e-17 9.75650726e-01]]",[1.00000000e+000 6.38831572e-029 2.36316429e-284],-1664.3298648056684,3368.659729611337,3448.4890205534966,20
pomegranate_2_full,pomegranate,2,full,True,100,2.384185791015625e-07,"[[0.95256131 0.66966343]
 [0.37838757 0.17367179]]",[0.92297198 0.27637832],-710.0827571182558,1120.8055461468052,1269.7495426808352,50
pomegranate_3_full,pomegranate,3,full,True,100,4.76837158203125e-07,"[[0.53236466 0.53161931 0.81363459]
 [0.99497615 0.21301432 0.32598645]
 [0.72805398 0.0504249  0.40852339]]",[0.29612864 0.78008849 0.22612697],-670.2144274026639,1875.2476394821044,1408.1783134030918,50
pomegranate_4_full,pomegranate,4,full,True,100,0.0,"[[0.77180653 0.64203793 0.48119703 0.41014653]
 [0.94886788 0.84547104 0.36647687 0.50163562]
 [0.65500462 0.32832812 0.13329423 0.25424144]
 [0.3936064  0.50349814 0.1103858  0.18027146]]",[0.5265692  0.94413741 0.25896396 0.6582797 ],-939.0748041575247,1014.5261670701283,1996.1028332544752,50
